Country Name,Country Code,Access to electricity (% of population),"Compulsory education, duration (years)","Employment to population ratio, 15+, total (%) (modeled ILO estimate)","GDP per capita, PPP (current international $)",Individuals using the Internet (% of population),"Industry (including construction), value added per worker (constant 2015 US$)","Inflation, GDP deflator (annual %)",Land area (sq. km),Merchandise exports by the reporting economy (current US$),Military expenditure (% of GDP),Net migration,Population ages 15-64 (% of total population),Proportion of seats held by women in national parliaments (%),Renewable energy consumption (% of total final energy consumption),Urban population (% of total population),"Vulnerable employment, total (% of total employment) (modeled ILO estimate)",happiness_score,social_support,healthy_life_expectancy_at_birth,freedom_to_make_life_choices,generosity,perceptions_of_corruption,positive_affect,negative_affect
Afghanistan,AFG,89.5,9.0,43.368,2224.490748152148,7.0,2247.871906501964,0.5669445425326103,652230.0,414759213.0,1.29801287790022,233913.0,50.9303980666568,27.710843373494,19.1,24.1910166387726,85.0754288517816,3131.0,526.0,52.3,509.0,106.0,871.0,492.0,375.0
Angola,AGO,32.0,6.0,63.952,9017.690181622693,21.3623,56967.99056521593,4.081731880823725,1246700.0,58584561952.0,4.69845451564414,84535.0,52.0696201188262,36.8181818181818,47.5,62.723115793241,65.38745969994076,3795.0,755.0,53.08,375.0,-0.17,834.0,595.0,368.0
Albania,ALB,100.0,9.0,43.775,11059.327235220911,54.3,14732.571086785549,1.4434205388813552,27400.0,2537872262.0,1.34651599128914,-21706.0,68.4466928018412,20.0,38.6,54.7325813178673,55.9762894374987,4814.0,626.0,68.72,735.0,-26.0,883.0,573.0,335.0
United Arab Emirates,ARE,100.0,12.0,76.119,87477.73419635143,90.4,94446.7023645556,-0.8573278103830972,71020.0,229693667524.0,5.64365135247024,360174.0,81.6610900166076,17.5,0.1,84.1438806787019,0.57178377857936,6.54,,65.34,,,,,
Argentina,ARG,100.0,13.0,55.123,19487.418174886807,64.7,33503.115806891416,40.2829716315506,2736690.0,65881561793.0,0.878100924236765,5794.0,64.0920281103568,36.5758754863813,9.8,91.3975345472954,20.177973465530933,6671.0,918.0,66.78,745.0,-168.0,854.0,769.0,238.0
Armenia,ARM,99.7,12.0,50.761,9736.234974627896,54.6228,12872.482609980323,2.30918242990974,28470.0,1501197665.0,3.94337826474581,-15745.0,69.3383433330299,10.6870229007634,7.1,64.4142934233291,45.5644503082124,4453.0,739.0,65.76,506.0,-222.0,0.92,0.51,404.0
Australia,AUS,100.0,11.0,60.849,47108.59064599657,84.0,130345.49755379236,1.417030571822636,7682300.0,233482223273.0,1.77241725032578,200177.0,66.4491289382527,26.0,9.3,86.7221289343356,10.12052030219108,7289.0,924.0,70.52,923.0,315.0,442.0,0.74,245.0
Austria,AUT,100.0,10.0,56.758,48355.497762440704,80.9958,90601.1536191324,2.006744132089395,82520.0,178033700383.0,0.75464957585912,74375.0,67.3108310981136,32.2404371584699,35.7,67.4154327591781,10.40073694324887,6.95,899.0,70.3,885.0,114.0,567.0,721.0,0.17
Azerbaijan,AZE,100.0,9.0,59.68,17563.61224543851,75.0,38977.204306735,-1.330204212390413,82663.0,21827536100.0,4.55501312398224,1073.0,71.2018299395149,15.5737704918033,2.1,54.6319175926151,56.7178915097316,5252.0,799.0,62.82,733.0,-211.0,654.0,502.0,0.22
Burundi,BDI,7.0,,77.697,724.3719541832735,1.04239,2772.452115841398,5.302267340513183,25680.0,141499030.0,2.29794559090695,-6856.0,51.3816362371271,30.4761904761905,91.3,13.7839781740413,86.55420571180031,2905.0,565.0,53.38,431.0,-55.0,808.0,622.0,251.0
Belgium,BEL,100.0,12.0,49.008,45147.64295340567,85.0012,91353.90091584678,0.8403957400635989,30333.0,466093795372.0,0.9662723297682748,37472.0,65.0395058250497,39.3333333333333,9.1,85.9848336685807,11.411976314211712,6855.0,944.0,69.84,861.0,-3.0,512.0,744.0,252.0
Benin,BEN,34.1,6.0,71.687,2670.4156139918723,6.0,2289.052726313909,-0.2477826538822825,112760.0,970394422.0,0.700924948797968,3667.0,53.4710165776466,8.43373493975904,51.0,45.2880529235999,83.2375636037583,3347.0,506.0,54.04,776.0,-95.0,855.0,558.0,273.0
Burkina Faso,BFA,19.2,10.0,75.506,1661.3177379375693,6.0,2575.9914086836206,-0.6203869258404779,273600.0,2602974285.0,1.27234195224905,-17984.0,51.7927902530963,,78.9,25.3814155996643,80.7951997210481,3481.0,742.0,52.96,0.71,-3.0,801.0,604.0,256.0
Bangladesh,BGD,62.4,5.0,54.308,3972.5064773349054,11.9,3974.014104807488,5.668788525139036,130170.0,23598924576.0,1.1364432719278,-889222.0,63.4371252223876,19.8275862068966,35.4,29.1944442321013,58.7487925119881,4636.0,577.0,63.28,736.0,-112.0,789.0,,231.0
Bulgaria,BGR,95.9,10.0,47.801,16878.911286805494,55.4904,13528.058876660569,1.3407827675986963,108560.0,28586936779.0,1.30960223173333,-2180.0,66.4196171095264,20.0,17.1,73.0844879150391,7.581786616787359,4438.0,886.0,65.76,576.0,-0.06,955.0,542.0,236.0
Bahrain,BHR,100.0,9.0,70.355,54299.05646132279,90.5031,48351.61452400221,-1.4404368347196908,771.0,23462444832.0,4.41851202803887,40815.0,77.0440675538981,7.5,0.0,100.0,0.990117846582015,6165.0,,65.96,,,,,
Bosnia and Herzegovina,BIH,99.9,9.0,36.288,10477.642331259802,49.9177,10682.361231443603,1.0003395545078604,51200.0,5762816271.0,1.02582688734534,-35683.0,68.7408428286462,21.4285714285714,23.6,47.130783484831,19.52402604505184,5249.0,788.0,67.0,412.0,231.0,976.0,491.0,262.0
Belarus,BLR,96.8,9.0,60.351,19037.88474401856,59.0163,12803.218524171893,18.19259845726444,202973.0,35638947700.0,1.04232763587955,14979.0,70.0684624749577,26.605504587156,6.7,76.3405227661133,7.36243402690636,5812.0,0.88,64.54,647.0,-52.0,682.0,575.0,209.0
Belize,BLZ,91.5,8.0,58.258,9489.912213713847,38.7,14144.007711151036,1.1273042641762174,22810.0,357424020.0,0.931313121713426,1456.0,63.4305612277798,3.125,37.4,44.1850161758379,23.86199553695145,5956.0,757.0,65.0,874.0,1.0,782.0,735.0,282.0
Bolivia,BOL,90.0,14.0,66.347,8628.942661285984,34.6016,7195.776555637034,2.04949772560488,1083300.0,12898043970.0,1.89691504477836,-10971.0,61.4525672376484,53.0769230769231,15.0,68.037425413,65.435299536553,5865.0,821.0,62.5,881.0,17.0,832.0,769.0,398.0
Brazil,BRA,99.7,14.0,59.714,15827.308162574876,54.551,17030.57079720165,7.846709751198432,8358140.0,220077890824.0,1.330244423168,-145732.0,69.5321464348522,9.94152046783626,41.7,85.4331367898168,25.33387542862333,6981.0,898.0,64.54,714.0,-118.0,0.71,718.0,274.0
Bhutan,BTN,91.4,,60.963,9323.39448941386,30.3,22093.64389617385,5.722228819754193,38117.0,487836056.0,,452.0,67.0640444281068,8.51063829787234,82.1,36.1326606084122,71.001889659892,4939.0,0.88,62.42,834.0,267.0,0.65,775.0,324.0
Botswana,BWA,60.0,,50.472,15003.319751834926,36.7447,48508.994825051086,9.601547878825414,566730.0,8538019295.0,2.21199714449013,-8893.0,62.1027474581546,9.52380952380952,25.8,65.0965122400825,28.08106488055424,4031.0,859.0,52.36,791.0,-97.0,743.0,626.0,245.0
Central African Republic,CAF,12.0,10.0,69.169,698.9637389230722,2.7,1370.0336742662644,11.89380330167768,622980.0,28262513.0,2.02965439546462,-174051.0,49.6389607850178,,94.8,39.6226521868738,79.3817097319019,,,,,,,,
Canada,CAN,100.0,10.0,61.385,45758.10072973044,87.12,104246.76677200444,1.941198971532956,8965590.0,475129950849.0,0.989925299438869,192884.0,68.1358280352841,25.0814332247557,22.2,81.211183161556,10.533862506491614,7304.0,918.0,71.04,939.0,266.0,442.0,791.0,259.0
Switzerland,CHE,100.0,11.0,64.71,63417.04381103189,83.6173,176874.41297071576,-0.6531239394305004,39510.829,311122342941.0,0.634898338463689,78122.0,67.4070238883851,31.0,22.2,74.7402679059582,10.90910299990136,7493.0,959.0,71.64,949.0,54.0,283.0,788.0,189.0
Chile,CHL,100.0,12.0,57.918,22553.61617873721,61.11,34523.70592452025,5.8528916256263415,741682.76,74660027369.0,1.9671068502734,52702.0,68.8459541557848,15.8333333333333,27.0,87.3133701497978,19.93984268504849,6844.0,862.0,69.22,733.0,211.0,758.0,0.8,276.0
China,CHN,100.0,9.0,66.425,12941.596480914572,47.9,19165.588362116785,1.0910912656273126,9388211.0,2341053098045.0,1.73840928794394,-371108.0,72.0051656801854,23.40140609307,11.9,55.7502555847168,37.9179011645414,5196.0,0.82,67.74,,-219.0,,0.71,112.0
Cote d'Ivoire,CIV,61.9,10.0,64.855,4074.214455397893,10.0,9133.178229786285,4.407332355720754,318000.0,12668997298.0,1.0677761217949,-23011.0,55.4196918298969,9.44881889763779,71.9,49.0173144557368,74.5592847189172,3.57,711.0,51.9,781.0,-82.0,671.0,603.0,291.0
Cameroon,CMR,56.8,6.0,69.551,3422.261281583438,16.2149,6208.020558506186,2.0142126302225734,472710.0,5145246017.0,1.10497962306915,96599.0,53.7621895990157,31.1111111111111,76.9,52.2993944376709,74.5631034668067,4.24,778.0,51.36,795.0,-77.0,856.0,604.0,216.0
"Congo, Dem. Rep.",COD,13.5,6.0,62.626,859.356816141236,3.0,6323.697155344336,3.071716552469425,2267050.0,7674845925.0,0.88969520971371,36966.0,50.8944789553473,10.6425702811245,92.9,40.9563873534225,80.86635168113739,4414.0,822.0,51.9,556.0,0.01,814.0,519.0,305.0
"Congo, Rep.",COG,43.4,10.0,54.644,5733.18393561256,7.11,16126.052849396803,-6.464563312921186,341500.0,7910466280.0,3.94035726748698,-21598.0,55.6797792551267,7.35294117647059,62.1,63.0075415618859,75.30529796690749,4056.0,686.0,54.52,662.0,-137.0,808.0,558.0,0.4
Colombia,COL,97.8,10.0,61.096,13355.362416219545,52.5681,19232.255245386288,2.2356323764314965,1109500.0,53164652012.0,3.10825884811044,-67522.0,68.1178419736866,19.8795180722892,32.1,77.1058449419909,43.93212528094958,6449.0,907.0,68.08,801.0,-93.0,887.0,825.0,278.0
Comoros,COM,71.8,6.0,42.696,2937.611928949809,6.98,2772.423382648896,0.8350333904295155,1861.0,25676662.0,,-2667.0,55.8210266302648,3.03030303030303,68.0,30.0302906552932,57.61012014103272,,,,,,,,
Costa Rica,CRI,99.4,13.0,58.734,16393.809542832332,53.0,30267.46573396931,6.206920420081488,51060.0,11240351114.0,,1589.0,68.5844636980952,33.3333333333333,37.6,74.4866963181212,26.62724966005031,7247.0,914.0,69.84,927.0,3.0,788.0,797.0,0.29
Cuba,CUB,98.7,9.0,53.901,,29.0702,20972.75578294301,3.4633757412947404,104020.0,3149617665.0,3.5360047609601297,-39426.0,69.177554524277,48.8562091503268,23.2,76.8442459106445,18.36836797231678,,,,,,,,
Cyprus,CYP,100.0,10.0,54.113,28045.28125,69.3287,21809.7099716917,-1.3382657310592236,9240.0,2816531692.0,1.54260195978916,11599.0,71.6676353521237,12.5,9.5,67.1230558819804,14.1834031373325,5627.0,0.77,71.44,715.0,55.0,868.0,661.0,397.0
Czechia,CZE,100.0,9.0,55.649,32743.48977316901,74.2317,31943.409338829057,2.7067159395822955,77220.0,174905799052.0,0.959115722257081,6303.0,67.2980768549652,19.5,14.8,73.0995921041469,14.5358283738005,6484.0,878.0,68.18,0.8,-172.0,897.0,638.0,235.0
Germany,DEU,100.0,13.0,57.371,47938.79682104181,86.1937,77751.67525113975,1.894704166991872,348900.0,1488406921179.0,1.12769949450115,592338.0,65.8621937797938,36.4500792393027,14.0,80.57574023743,6.319388117838876,6984.0,938.0,70.08,899.0,83.0,474.0,739.0,188.0
Djibouti,DJI,58.9,10.0,24.161,3978.346670925536,17.0,31245.11874015489,1.3297387508825975,23180.0,2601886428.0,,1900.0,61.3899228845612,12.7272727272727,29.4,70.8899032189478,32.27483516830187,,,,,,,,
Denmark,DNK,100.0,10.0,57.089,47879.59555582332,95.9935,113364.32768595476,1.0187064869212603,40000.0,111010510748.0,1.1497978040996,27242.0,64.4747664425739,39.1061452513966,30.2,87.6823985731907,6.556690176179054,7508.0,956.0,70.28,942.0,114.0,237.0,0.78,233.0
Dominican Republic,DOM,98.5,15.0,55.529,13464.792560907394,49.58,23077.882431425744,4.215781464504403,48310.0,9340102549.0,0.651437855543241,-36543.0,64.8892119186343,20.7650273224044,17.3,74.1931533822153,42.01454194123768,5387.0,891.0,63.44,905.0,-23.0,0.76,772.0,0.3
Algeria,DZA,99.3,10.0,38.255,14694.14382738305,29.5,18333.94533163984,1.4503646621824655,2381740.0,59807044467.0,4.96487829782902,-30064.0,66.3589408507156,31.6017316017316,0.1,69.5468765157615,27.002032720443665,6355.0,818.0,65.9,,,,558.0,177.0
Ecuador,ECU,99.0,15.0,60.44,11835.609127653775,45.5904,22058.04857901128,2.0529605157063173,248360.0,25653230679.0,2.71279094772759,2273.0,63.9831015967478,41.6058394160584,12.2,62.9232432195799,42.74472960734323,5946.0,831.0,67.16,719.0,-0.17,661.0,841.0,306.0
"Egypt, Arab Rep.",EGY,99.8,9.0,41.811,10256.43675536159,33.8946,17751.000053521246,11.247624503786938,995450.0,25832230014.0,1.68969483568075,-92801.0,61.9034207116198,,5.4,42.6825522284408,19.64753519638841,4885.0,619.0,61.94,578.0,-125.0,749.0,477.0,327.0
Spain,ESP,100.0,10.0,44.378,33760.955564636875,76.1867,68662.50671412829,-0.2206867967114902,500210.0,311392474723.0,1.24625944103127,-97870.0,66.6930927877804,39.7142857142857,17.3,79.1196713833488,13.008858260004668,6456.0,948.0,71.48,738.0,-32.0,854.0,683.0,335.0
Estonia,EST,100.0,9.0,56.589,29403.65844948149,84.2415,28562.549685350496,2.856543083933844,43470.0,15911724965.0,1.89535477779564,-674.0,65.5532115284544,19.0,25.3,68.2668382808032,7.640141992011754,5556.0,917.0,68.02,773.0,-156.0,652.0,0.62,203.0
Ethiopia,ETH,27.2,8.0,77.728,1484.6314556660752,7.7,2332.246590050906,10.981788289114576,1128538.3,2311831477.0,0.768407756190907,103122.0,53.6668811752551,27.7879341864717,91.4,19.0262870788574,87.26354900337009,4507.0,0.64,57.64,694.0,0.08,702.0,644.0,303.0
Finland,FIN,100.0,9.0,53.65,41547.098448539335,86.5304,96045.29523949556,1.6446705160891355,303890.0,73964055357.0,1.45927959000267,15915.0,63.9319576160027,42.5,41.2,70.9879168940753,9.992488477569523,7385.0,952.0,70.48,933.0,-5.0,265.0,766.0,199.0
France,FRA,100.0,10.0,50.035,40218.125863777605,83.7511,75778.02901907485,0.5707950543882845,538950.0,577369888943.0,1.8595290655689896,52342.0,63.2660590407766,26.1698440207972,13.2,77.3524296788613,7.365814175364024,6467.0,878.0,71.6,803.0,-122.0,656.0,759.0,216.0
Gabon,GAB,87.1,10.0,40.22,14853.671246035548,38.0712,93934.36118524928,-0.8513903333214614,257670.0,13913901258.0,1.14481839629997,16565.0,59.299651056321,15.0,81.3,87.6236017962969,30.986653227966546,3918.0,829.0,55.84,607.0,-198.0,782.0,533.0,293.0
United Kingdom,GBR,100.0,11.0,58.156,41266.81977953095,91.6133,87743.59412902355,1.5960156271687964,241930.0,488402421941.0,2.18448549185402,306091.0,64.5811849432514,22.6153846153846,6.6,81.6355750750722,12.707017548387723,6758.0,0.91,69.64,857.0,0.35,484.0,0.74,251.0
Georgia,GEO,100.0,9.0,54.736,11770.69893602531,49.1025,16027.300139449966,4.58990448370156,69490.0,2857849549.0,2.31346741070778,-16047.0,66.9676005173329,12.0,30.7,57.0237612994258,54.9731650387286,4288.0,558.0,64.1,0.72,-236.0,416.0,458.0,204.0
Ghana,GHA,78.3,11.0,67.363,5517.131787635662,19.0,7551.088868781916,23.93995875939987,227540.0,15502860702.0,0.484989051455069,-6312.0,57.8927979928387,10.9090909090909,47.7,53.0663398797148,71.2043433958207,3.86,651.0,56.06,677.0,-1.0,913.0,682.0,0.28
Guinea,GIN,33.5,6.0,53.521,1873.214130589572,6.4,4984.000011504302,2.615897705899698,245720.0,1946667940.0,2.27643791059905,-22741.0,52.9287869421954,21.9298245614035,78.6,34.8177920826682,83.4962187620246,3412.0,638.0,51.38,684.0,6.0,705.0,643.0,351.0
"Gambia, The",GMB,53.0,9.0,43.934,1933.7032971844608,15.56,2218.504139231179,5.21172310682789,10120.0,106803571.0,1.18750912674762,-2793.0,53.6241388422788,9.43396226415094,53.2,58.6141799655551,72.2274667120289,,,,,,,,
Greece,GRC,100.0,10.0,37.547,26450.18132672596,63.2073,54546.6257391457,-1.923474557774824,128900.0,34007495565.0,2.3678402625846697,-46678.0,64.7156591244612,21.0,16.4,77.3130486275866,29.6859466470261,4756.0,832.0,70.32,369.0,-291.0,0.93,597.0,385.0
Guatemala,GTM,85.5,16.0,59.082,8236.659299018494,23.4,12086.10070035641,2.860372578773408,107160.0,10788180891.0,0.424656428368739,-40409.0,58.9667208167469,13.2911392405063,66.2,53.1458479013964,37.7668690948347,6536.0,834.0,61.22,843.0,105.0,804.0,816.0,305.0
Guyana,GUY,86.9,6.0,48.832,11145.029119872392,32.0,15955.34149508841,-2.105403886670331,196850.0,1173069494.0,0.9516521700353928,-6710.0,64.3505487060296,31.3432835820896,24.0,26.4018152016157,30.08604157960315,,,,,,,,
"Hong Kong SAR, China",HKG,100.0,9.0,58.338,54514.92680598191,79.8663,40899.76306246326,2.850261059011359,1050.0,473851596578.0,,20454.0,73.6094696625815,,0.2,100.0,6.186124791873997,5458.0,834.0,,843.0,219.0,423.0,602.0,243.0
Honduras,HND,88.7,12.0,59.611,4460.057428331752,23.0,6140.142837345704,6.849356724801865,111890.0,4065926604.0,1.19271597688079,-6293.0,61.1323415301956,25.78125,52.2,53.8768089124249,34.856034753618886,5056.0,0.79,61.5,696.0,14.0,834.0,794.0,299.0
Croatia,HRV,100.0,8.0,43.204,21302.88734157964,68.5679,24468.375006740604,0.128605964990669,55964.0,13794913806.0,1.80811715937665,-13127.0,66.4871658325589,23.841059602649,33.6,55.4591834926844,11.55334161631289,5381.0,646.0,67.78,519.0,127.0,918.0,545.0,286.0
Haiti,HTI,39.6,6.0,56.774,3075.738438370623,11.4,9658.134164050376,2.2189860393483087,27560.0,1101439850.0,0.0355624820363801,-31390.0,61.2428523985044,4.21052631578947,77.8,48.7723916158687,74.1162374859301,3889.0,554.0,49.28,509.0,243.0,708.0,573.0,327.0
Hungary,HUN,100.0,11.0,50.761,25796.21009592556,75.6532,23572.749142065903,3.690121104043726,91260.0,110613658959.0,0.8572330936001319,11581.0,67.8503265083229,10.0502512562814,15.7,70.3071053512008,8.226910938647503,5181.0,845.0,66.44,494.0,-154.0,855.0,578.0,238.0
Indonesia,IDN,97.0,9.0,63.927,10064.677127417008,17.1432,12915.220263385758,5.443174549356115,1877519.0,176282513767.0,0.777855178232831,-27988.0,66.8074162395304,16.9369369369369,29.3,52.5002136230469,50.4491195071174,5597.0,905.0,62.08,719.0,405.0,0.97,757.0,242.0
India,IND,85.1,8.0,49.132,5191.591499032487,13.5,4635.074447723374,3.33175691706154,2973190.0,314637392240.0,2.54398176462257,-227263.0,65.2562148871274,11.4180478821363,33.9,32.2288233408821,78.5181807246357,4424.0,621.0,58.74,809.0,-28.0,832.0,651.0,285.0
Ireland,IRL,100.0,10.0,54.388,52640.7843918553,83.4917,203664.3975801516,0.2593105659679793,68890.0,120137760160.0,0.4476684159119459,448.0,65.7693782746418,15.6626506024096,8.8,62.535401730577,13.29990358930149,7018.0,968.0,70.58,922.0,258.0,406.0,736.0,229.0
"Iran, Islamic Rep.",IRN,100.0,9.0,36.522,16065.158186028018,39.3536,17377.148926884653,9.758768732563423,1628760.0,63977291677.0,2.11655706144949,-56042.0,70.8169422569891,3.10344827586207,0.9,72.8324070385223,40.93178348986214,4682.0,644.0,65.56,767.0,0.23,0.64,0.55,512.0
Iraq,IRQ,99.2,6.0,38.384,13168.245587416995,11.6453,32385.343509317336,-4.806637039915955,434128.0,81894673363.00009,2.9506139914123,-5033.0,56.359534193912,25.3048780487805,1.0,69.6666641235352,28.554650442412537,4542.0,725.0,60.82,646.0,5.0,726.0,539.0,564.0
Iceland,ISL,100.0,10.0,72.248,45996.96874769013,98.158,97426.2568646652,4.212443011367228,100250.0,5050828569.0,,1139.0,66.1933513988016,39.6825396825397,77.6,93.6196716315805,11.886637095274756,,,,,,,,
Israel,ISR,100.0,13.0,61.821,34816.24224600708,75.0178,92884.45898635343,0.7762712755087904,21640.0,65288500000.0,5.63057461102748,25303.0,60.9836373216309,22.5,3.7,91.7151980935716,7.995164822370567,7401.0,889.0,71.72,707.0,0.09,818.0,567.0,271.0
Italy,ITA,100.0,12.0,42.551,36665.685767749965,55.6385,62461.36131331301,0.9025507088342692,295718.0,523760793593.0,1.27633070266495,52679.0,64.4745737605598,31.4285714285714,17.1,69.5807638614879,17.17519389017457,6027.0,898.0,71.5,624.0,-69.0,0.92,659.0,356.0
Jamaica,JAM,93.3,6.0,56.891,9209.585865965128,40.4027,14049.085002202308,6.929945888943763,10830.0,1454847139.0,0.872784216786518,-10335.0,69.6493851093996,12.6984126984127,11.9,54.8660395670395,37.52998445817661,5311.0,874.0,66.6,809.0,-6.0,861.0,708.0,0.31
Jordan,JOR,99.8,10.0,32.068,9144.677932049954,46.2,23704.889078509736,3.4453235631560943,88780.0,7056743956.0,4.20345261907888,635528.0,61.7054155729991,12.0,3.1,88.0371754329978,9.695499277594529,5333.0,816.0,67.42,729.0,-0.11,,602.0,313.0
Japan,JPN,100.0,9.0,57.309,39555.41200891975,89.1068,77749.49857032562,1.686294786267453,364500.0,688791661394.0,0.957800914762225,58109.0,60.8030853939639,8.125,5.6,91.2548945132333,9.07780809867074,5923.0,0.9,73.48,838.0,-144.0,617.0,687.0,189.0
Kazakhstan,KAZ,100.0,9.0,66.96,23958.112889060256,66.0,32819.49402266078,5.771239524782757,2699700.0,79433467345.0,1.0416921334727,-10170.0,66.2340633863906,25.2173913043478,1.3,55.5524361787178,27.074288127975542,5.97,795.0,62.8,799.0,0.0,805.0,671.0,169.0
Kenya,KEN,36.0,12.0,72.121,3359.489506650931,16.5,6517.907702789014,7.635031901490024,569140.0,5680191903.0,1.19943336712808,-72415.0,55.2115563029999,19.1428571428571,71.8,31.7931545274563,60.4059303984054,4905.0,765.0,55.58,819.0,164.0,849.0,779.0,221.0
Kyrgyz Republic,KGZ,99.8,10.0,56.801,4228.195148299198,28.3,3017.8238383466355,8.415225436213888,191800.0,1807073579.0,3.37589282594698,-9443.0,63.7320257066441,23.3333333333333,26.6,35.1455493029297,39.8961257084516,5252.0,898.0,63.28,736.0,353.0,897.0,617.0,185.0
Cambodia,KHM,56.1,,79.737,4117.78868309006,14.0,3407.6158526929,3.2993691205076345,176520.0,6845825368.0,1.26114158531483,-56536.0,63.5438832095417,20.3252032520325,63.7,27.8179557823331,55.550564906330095,3883.0,693.0,60.36,938.0,237.0,843.0,682.0,482.0
"Korea, Rep.",KOR,100.0,9.0,60.358,37032.172417256144,87.5568,77823.8529942954,1.0512860780087578,97430.0,563246679385.0,2.41327231110109,308037.0,73.275082277705,16.3333333333333,2.9,81.7315682816954,19.84069263632606,5801.0,738.0,71.78,623.0,-47.0,834.0,575.0,283.0
Kuwait,KWT,100.0,9.0,69.762,68336.59915331121,78.7,132088.29349515538,-6.75796239806364,17820.0,8608436754.0,3.5856184212800497,100891.0,75.8466988891271,1.53846153846154,0.0,100.0,0.5956397228729966,6.18,,70.0,,,,,
Lao PDR,LAO,82.5,5.0,59.098,5798.504367300908,14.26,23076.871917195986,5.7265591817456425,230800.0,2921709780.0,,-26881.0,62.1691538102524,25.0,58.2,32.6638235172635,80.43258856175271,,,,,,,,
Lebanon,LBN,99.7,10.0,42.475,16139.864996695527,73.0,18368.136633894213,0.1052786232594655,10230.0,4289144321.0,4.71994151384666,301111.0,67.991318090046,3.125,4.2,88.4182574811842,20.294385152662155,5233.0,759.0,65.64,657.0,-15.0,939.0,525.0,267.0
Liberia,LBR,9.4,6.0,75.382,1418.7735551589146,5.41,3346.9412855148867,0.8179213267644343,96320.0,28422802.0,0.470258899676375,-26690.0,54.317124873762,10.958904109589,91.2,50.2198153156642,77.54883198905239,4571.0,708.0,52.42,0.59,-31.0,869.0,565.0,443.0
Libya,LBY,75.5,9.0,39.865,17509.52850878449,17.76,51489.3080721844,-1.0066040166524175,1759540.0,31388522910.0,15.4795763013832,-1716.0,64.4401576630384,15.9574468085106,2.3,88.0142059326172,21.68865501159684,,,,,,,,
Sri Lanka,LKA,92.7,9.0,49.454,11720.597811037376,10.5,12223.315571305398,1.9206288037115515,62710.0,10831082059.0,2.41264701190051,-33672.0,66.492093080501,5.77777777777778,54.2,18.6153877203724,40.21106806381085,4268.0,805.0,66.12,868.0,292.0,791.0,785.0,187.0
Lesotho,LSO,27.8,7.0,53.732,2771.24496867163,22.0,3398.6593227925405,14.035152154547916,30360.0,815667398.0,1.95379607639772,-6877.0,59.4751955324989,26.6666666666667,43.2,32.6404409096604,33.48420311549857,,,,,,,,
Lithuania,LTU,100.0,10.0,52.63,26274.748876494563,72.1335,33659.85993983274,0.6091906582062876,62650.0,32249131131.0,0.883731669079507,-12387.0,66.8115157399781,24.113475177305,27.7,67.1514937628023,11.14121119642278,6126.0,908.0,65.1,508.0,-267.0,956.0,565.0,287.0
Luxembourg,LUX,100.0,12.0,55.413,105296.28458823192,94.6702,222001.64829162875,2.796701423768482,2574.46,18924549564.0,0.366856825936978,11217.0,69.1279915294304,28.3333333333333,6.8,90.4577807676859,5.620175428342078,6891.0,875.0,71.3,938.0,98.0,366.0,0.76,0.17
Latvia,LVA,100.0,11.0,52.809,21553.66232044361,75.8261,23175.33666900256,1.6699491899627787,62227.0,14626919183.0,0.978038880665435,-8799.0,65.9121509977439,18.0,40.2,67.8686035364944,9.370211854861914,5729.0,881.0,65.5,671.0,-47.0,804.0,605.0,226.0
Morocco,MAR,97.3,9.0,43.398,7237.27734375,56.7746,11915.915298011068,0.215437762428678,446300.0,23202996251.0,3.3984586411357904,-72065.0,66.0797555195502,16.9620253164557,11.1,60.3030486171654,38.1162743161859,,,,,,,,
Moldova,MDA,99.8,9.0,68.261,8643.064314353434,67.0,9430.52473149947,5.143207217029229,32880.0,2300780013.0,0.293185445408591,-67175.0,71.1653482250474,17.8217821782178,24.3,39.6298484802246,59.15206343911667,5917.0,805.0,62.52,623.0,-116.0,925.0,547.0,0.26
Madagascar,MDG,23.0,5.0,84.966,1498.8397690821869,3.7,1886.2360222184395,6.731770809517101,581800.0,2144962287.0,0.5563912608847911,-2522.0,54.9016796242728,20.5298013245033,82.2,28.9185894345838,85.7593623933675,3676.0,655.0,56.06,529.0,-23.0,791.0,641.0,192.0
Maldives,MDV,100.0,7.0,51.389,16722.523852618982,49.28,12566.104971515424,4.125636730101959,300.0,144839927.0,,7700.0,72.3732341755779,5.88235294117647,1.2,38.1938859868107,20.43692784722902,,,,,,,,
Mexico,MEX,99.2,14.0,57.561,18820.799109858384,44.3857,31626.59704644163,4.368368913124641,1943950.0,396457571000.0,0.495321031372806,-228816.0,65.1410033743916,37.4,9.8,76.9741367091766,26.12867763954638,6.68,782.0,65.66,779.0,-99.0,0.63,0.76,229.0
North Macedonia,MKD,99.8,13.0,39.204,13589.877105256895,68.0585,12207.96120503351,1.44696785759902,25220.0,4964114834.0,1.09296080025624,-22132.0,68.7390615884657,33.3333333333333,21.2,58.8033670608162,22.76899409505137,5204.0,793.0,65.22,645.0,0.03,861.0,583.0,307.0
Mali,MLI,34.2,9.0,69.574,2184.8766028166574,7.0,6617.408297195435,1.8220843501676145,1220190.0,1995268329.0,1.5159338319542102,-50068.0,49.3753963072633,9.52380952380952,84.6,25.2656728660325,81.6420290685752,3975.0,843.0,52.66,652.0,-36.0,658.0,722.0,186.0
Malta,MLT,100.0,11.0,52.007,33029.9108634503,73.1141,32389.05728314175,2.2707908505207826,320.0,2821453513.0,0.476026297334065,9192.0,67.7141532091479,14.2857142857143,4.5,94.412512773898,10.5960641271383,6452.0,941.0,71.12,904.0,397.0,0.67,606.0,352.0
Myanmar,MMR,52.0,5.0,64.346,4376.388332812742,7.4,4722.5205938717245,3.910225192715473,653080.0,11399959445.0,3.78953444074754,-74901.0,67.6970652494853,5.59440559440559,72.0,29.6164342116462,63.7347654032358,4786.0,774.0,59.12,0.87,703.0,592.0,713.0,112.0
Montenegro,MNE,97.7,9.0,42.315,14331.938254911,63.8869,15024.899738672031,1.1354664404440058,13450.0,438037527.0,1.47227234869517,-4357.0,67.347085846695,17.2839506172839,46.0,64.7232143772459,15.80097634592643,5283.0,863.0,66.52,503.0,93.0,768.0,545.0,368.0
Mongolia,MNG,86.0,12.0,56.782,10900.23051978575,19.9424,14040.39553943098,7.448836595065629,1557252.921,5774528392.0,0.8597252583307899,2921.0,67.2583455385159,14.8648648648649,3.3,67.9941357229626,44.780201550677766,4825.0,943.0,59.48,752.0,142.0,909.0,512.0,0.17
Mozambique,MOZ,24.8,,77.029,1165.828266075048,6.0,3441.6624844944336,1.0858708962557984,786380.0,4722573634.0,0.96645825007793,-53625.0,51.4890275597917,,81.2,31.8972245802342,84.3080822200555,,,,,,,,
Mauritania,MRT,38.8,9.0,38.299,3865.142586768705,11.8,12005.057537760144,-11.8763231173524,1030700.0,2013964080.0,2.19709519242621,-2980.0,52.1390271854315,25.1700680272109,31.0,50.4694791226856,54.71845694773735,4483.0,853.0,58.6,468.0,-57.0,589.0,743.0,163.0
Mauritius,MUS,99.5,11.0,55.495,19294.468282955542,44.8033,15805.518766786206,2.2126358700665207,1997.0,2574225687.0,0.151017482159405,-3691.0,72.2508706432524,18.8405797101449,10.6,39.7887571971735,17.76935232345445,5648.0,785.0,63.88,824.0,171.0,879.0,741.0,222.0
Malawi,MWI,11.9,8.0,65.226,1505.551904040244,5.83,3563.8008258849554,20.969281305887705,94280.0,1417419838.0,0.580771278154093,-10317.0,51.1134469024467,16.6666666666667,82.8,15.766154187056,61.1106315207764,4563.0,512.0,53.84,786.0,36.0,824.0,653.0,263.0
Malaysia,MYS,99.7,6.0,63.091,24306.521233841464,63.6654,27755.209353408947,2.467466783663781,328550.0,234157526404.0,1.45511301633341,159791.0,68.2812916863332,10.3603603603604,3.0,72.9802206910773,23.27184567943848,5963.0,863.0,65.72,808.0,237.0,845.0,711.0,261.0
Namibia,NAM,48.4,7.0,49.56,10365.309059678071,14.84,28592.728790641024,8.234891798666524,823290.0,5722499815.0,4.3258672400794405,11134.0,59.9350774185889,,30.2,44.8214248210559,30.29032289120832,4574.0,763.0,54.26,849.0,-189.0,0.79,723.0,239.0
Niger,NER,15.7,,73.18,1161.3251572379274,1.24868,4163.53254994184,-0.4056768454050399,1266700.0,983857926.0,1.33859819740079,3891.0,48.241566402089,13.2743362831858,78.1,16.2450424611665,89.8005286529566,4181.0,753.0,53.66,688.0,-47.0,605.0,629.0,205.0
Nigeria,NGA,54.2,9.0,77.615,7396.128355329472,21.0,9031.478286174672,4.662622917331078,910770.0,101290206756.0,0.414718776586509,-19376.0,52.6058463638302,6.66666666666667,79.9,54.9232435340404,68.0524386363546,,,,,,,,
Nicaragua,NIC,81.9,7.0,62.034,5067.746390186871,17.6,6890.141064883329,8.392741532841711,120340.0,4969415154.0,0.685091959091359,-25570.0,62.846399768301,42.3913043478261,53.0,57.6222653742564,40.54660315556499,6275.0,839.0,65.1,817.0,102.0,699.0,782.0,334.0
Netherlands,NLD,100.0,13.0,61.25,49751.30928608216,91.6667,97967.78137318816,0.3440780592759154,33690.0,662405209091.0,1.14761127983414,36591.0,65.7829993073729,38.6666666666667,5.6,89.8364787097165,12.18206584035266,7321.0,909.0,71.06,0.91,327.0,457.0,776.0,221.0
Norway,NOR,100.0,10.0,64.236,66332.46143741976,96.3005,217315.2375103025,0.2583328432109937,365108.0,141272916148.0,1.46227942776465,38522.0,65.8376180924379,39.6449704142012,55.8,80.6117159535579,5.467935969286817,7444.0,941.0,71.0,956.0,175.0,405.0,802.0,194.0
Nepal,NPL,84.9,,36.055,2901.197520861691,15.44,1650.307291681826,8.03536619587905,143350.0,900841667.0,1.43375979820575,-310156.0,61.0228245904277,29.4807370184255,84.0,64.5640847098488,80.2408750238996,4975.0,786.0,60.14,712.0,111.0,841.0,492.0,287.0
New Zealand,NZL,100.0,10.0,64.601,37331.31557324468,84.0,75233.44060911548,0.4476233774698244,263310.0,41002285159.0,0.998146779850979,57974.0,65.4645838819204,29.7520661157025,29.0,85.5076659530411,14.23977021842107,7306.0,942.0,69.88,932.0,343.0,273.0,807.0,199.0
Oman,OMN,100.0,,66.278,44235.83363293341,70.22,50995.640110105815,1.7572995490739487,309500.0,52413765547.0,8.86041181394662,75557.0,75.2940269670568,1.19047619047619,0.0,76.8892576748951,3.3901817393055804,,,,,,,,
Pakistan,PAK,90.1,12.0,50.066,4312.990700407763,10.0,3719.097321065698,7.209765439260792,770880.0,24722028717.0,3.09657969704779,-2037920.0,57.331028476506,20.7430340557276,47.2,35.6595549759128,59.133872651158,5436.0,552.0,55.54,543.0,134.0,677.0,475.0,295.0
Panama,PAN,90.8,11.0,62.813,24376.080859960413,44.9238,40559.71352656461,4.6941193174908165,74120.0,778887714.0,,7105.0,64.8298521582369,19.2982456140351,19.8,65.4531164770096,31.6596830791414,6631.0,873.0,68.14,894.0,-2.0,847.0,799.0,254.0
Peru,PER,92.9,14.0,74.592,11517.737171024686,40.2447,20583.152345142404,2.4324410850177856,1280000.0,38180658077.0,1.60248762240244,-50383.0,64.1329645084282,22.3076923076923,28.6,79.9945465682649,51.9023329766588,5866.0,819.0,68.54,722.0,-139.0,878.0,743.0,319.0
Philippines,PHL,89.8,11.0,59.933,6688.739612325532,34.7,12744.935501597034,3.0530553008590573,298170.0,61505723723.0,1.04312706559466,-196524.0,62.3216282458617,27.3356401384083,32.4,50.2392400212368,36.23545327444319,5313.0,813.0,61.84,902.0,-17.0,787.0,787.0,334.0
Poland,POL,100.0,10.0,51.954,25459.739227376136,66.5987,27476.517392517104,0.4822723875230252,306190.0,219633828309.0,1.90822735552002,5525.0,70.0250512784321,24.3478260869565,11.6,60.4340063344328,21.84272426672166,5.75,924.0,67.82,875.0,-67.0,898.0,681.0,223.0
Portugal,PRT,100.0,12.0,50.619,28764.52549550424,64.5924,35540.77807674651,0.7244567671293964,91605.6,62356607547.0,1.30668261277534,-26447.0,65.3302452379704,31.304347826087,30.5,61.1394537361116,13.25251601504456,5127.0,862.0,70.26,847.0,-0.13,941.0,663.0,358.0
Paraguay,PRY,99.0,13.0,64.534,12607.072163667091,43.0074,23145.32926938829,2.857006433593768,397300.0,9649287036.0,0.9866053917345068,-16989.0,64.0470518769036,15.0,62.5,60.7101965948157,37.2446361233513,5119.0,959.0,65.52,759.0,-11.0,762.0,876.0,216.0
West Bank and Gaza,PSE,99.9,10.0,33.473,5381.6369098747455,53.6652,11197.633478399854,3.6722281154495136,6020.0,943717383.0,,-27077.0,56.4627356961458,,10.8,85.0433335176723,25.92409315839652,4722.0,775.0,,657.0,-161.0,804.0,505.0,0.38
Qatar,QAT,100.0,9.0,86.574,148389.2001334999,91.49,106850.47751978417,-1.482759354245232,11490.0,125782928480.0,,194712.0,84.5362274677106,0.0,0.0,98.901627838826,0.200008151183776,,,,,,,,
Romania,ROU,98.4,10.0,47.081,19357.79464838336,54.0783,20249.23718991073,1.714170932927317,230080.0,69592582825.0,1.3476637836228,-35448.0,67.5465618438621,13.5135135135135,24.3,53.8267187624053,21.864012283981943,5727.0,753.0,66.12,754.0,-105.0,958.0,565.0,331.0
Russian Federation,RUS,100.0,11.0,59.562,25688.2265625,70.5176,20865.57460929093,7.490071116966092,16376870.0,497402342612.0,4.112992978223231,264698.0,70.3612786579556,13.5555555555556,3.3,74.1776476748791,5.919784057204212,6037.0,932.0,62.26,744.0,-268.0,869.0,617.0,151.0
Rwanda,RWA,19.8,6.0,53.528,1677.568696841822,10.6,2961.812241109109,4.732373488157833,24670.0,615811936.0,1.10273875155611,-19505.0,55.6992111665916,63.75,88.0,17.5020716539756,43.0313030635298,3596.0,748.0,58.3,894.0,-22.0,78.0,748.0,134.0
Saudi Arabia,SAU,100.0,9.0,54.976,62578.0708415156,64.7137,96109.89308204882,-1.6962905470728489,2149690.0,442853228133.0,10.5350604637453,469144.0,72.3162048199076,19.8675496688742,0.0,82.7822571294871,2.284627228899232,6278.0,818.0,63.0,762.0,-74.0,,663.0,313.0
Sudan,SDN,44.9,8.0,38.67,4260.57177734375,,6850.6330504015295,34.06698551891114,1868000.0,4099214667.0,,92504.0,53.3408491772908,24.2937853107345,63.7,33.7624582408117,39.8119648926251,4139.0,811.0,58.66,0.39,-77.0,794.0,461.0,303.0
Senegal,SEN,61.0,11.0,43.295,2853.8045625063514,17.7,7984.934779913884,-1.5158597345160274,192530.0,2330525818.0,1.21336600293871,36030.0,53.8844213348809,43.3333333333333,42.5,45.6020905341588,66.1968320905702,4395.0,856.0,57.9,692.0,-48.0,0.7,696.0,157.0
Singapore,SGP,100.0,6.0,65.992,84555.24461008265,79.0292,138729.669732511,-0.2672700416348021,709.0,406724411995.0,3.04786038477706,40154.0,78.546922809139,25.2525252525253,0.6,100.0,9.2849592525659,7062.0,822.0,73.02,835.0,149.0,133.0,774.0,0.18
Sierra Leone,SLE,18.8,9.0,54.284,2762.045537459481,6.0573,11123.34282141572,16.044912676569155,72180.0,449916422.0,0.747309962312162,485.0,54.6121617681383,12.0967741935484,73.0,40.3272406886245,86.41742009824509,4.5,869.0,49.32,681.0,34.0,786.0,622.0,334.0
El Salvador,SLV,95.1,15.0,56.929,7503.711058119813,24.7617,11245.894405507825,0.9932308548603572,20720.0,5300891432.0,1.03525487674093,-49126.0,63.7658396012952,27.3809523809524,24.0,68.9166664266223,35.39006030038273,5857.0,798.0,63.68,778.0,-198.0,781.0,801.0,0.33
"Somalia, Fed. Rep.",SOM,51.4,,27.823,1127.7192220033774,1.63,,8.917911957346874,627340.0,688605192.0,0.9352475554865748,6065.0,49.9337568427461,13.8181818181818,94.6,42.3515167236328,47.0298985999989,5528.0,611.0,47.66,874.0,24.0,456.0,689.0,207.0
Serbia,SRB,99.7,8.0,41.682,14350.802384662667,62.0751,17001.483237692297,2.9094068567382863,87460.0,14804863847.0,1.8702430512257,-18846.0,67.2902689526134,34.0,23.2,59.8779373168945,28.13962065903484,5113.0,783.0,66.26,532.0,68.0,912.0,473.0,326.0
South Sudan,SSD,4.3,8.0,64.433,1372.7561849114584,2.6,72930.41896508707,-26.70028458225667,631930.0,4085405597.0,8.57452320335879,-471523.0,54.9772865284136,26.5060240963855,29.4,18.5459183719929,82.7410626395525,3832.0,545.0,52.88,567.0,,742.0,578.0,428.0
Suriname,SUR,94.6,6.0,51.189,16597.58535396366,40.08,26211.159884376943,1.5836871581602168,160507.61,1917747021.0,,-959.0,64.8871253951784,11.7647058823529,12.8,66.2249266178037,18.65716296236015,,,,,,,,
Slovak Republic,SVK,100.0,10.0,52.89,29108.072180194013,79.9843,28287.94479040256,-0.1326025188437825,48080.0,86219465602.0,0.982206647396956,-1158.0,70.9768771615539,18.6666666666667,12.2,54.0029125499893,12.479572998875474,6139.0,924.0,67.38,635.0,-127.0,914.0,619.0,267.0
Slovenia,SVN,100.0,9.0,52.259,30571.97530198317,71.5863,46652.23732658613,0.631551450779483,20140.0,35938204839.0,0.9832326471447068,-70.0,67.7481374494419,35.5555555555556,22.9,50.983470916748,16.47746221905433,5678.0,908.0,69.84,888.0,49.0,909.0,594.0,291.0
Sweden,SWE,100.0,9.0,58.816,46841.40197467392,92.5236,119513.981801083,1.8327433486397808,407339.7,163159354032.0,1.1347022453612,77654.0,63.3172186453916,44.6991404011461,48.6,86.2563838747314,7.77281432725019,7239.0,933.0,71.36,945.0,198.0,0.25,793.0,208.0
Eswatini,SWZ,65.0,7.0,39.084,8365.743287389001,25.0,20330.71375491682,5.7374565093196,17200.0,2012817116.0,1.82286935337352,-12724.0,59.4682385534089,6.15384615384615,68.3,23.026850446568,33.88874941720762,,,,,,,,
Syrian Arab Republic,SYR,90.2,9.0,32.152,,28.09,2445.5448220887656,37.09458403450867,183630.0,1082346515.0,,-1457679.0,56.2502087067756,12.0,2.7,76.0,37.491490736394816,,,,,,,,
Chad,TCD,8.4,10.0,61.474,2133.184411987867,2.9,15396.69524762993,-0.5195758476296248,1259200.0,2973692268.0,2.15784238896733,20842.0,49.4190350426222,14.8936170212766,72.5,22.5294513486009,89.8914112441496,3.46,733.0,50.12,567.0,-71.0,881.0,524.0,329.0
Togo,TGO,45.7,10.0,56.917,1803.148110221353,5.7,2789.912805917418,0.4798784631694843,54390.0,959094902.0,1.81828886251592,-1976.0,55.6405425502651,17.5824175824176,81.4,39.2839506458368,80.5090782429062,2839.0,444.0,53.76,663.0,-105.0,795.0,537.0,443.0
Thailand,THA,99.5,9.0,69.392,15365.317540282913,34.8861,15063.430904892932,1.441465365280294,510890.0,223565313755.0,1.37997604796617,55358.0,71.6555591067219,6.09137055837564,24.4,46.3138799467897,49.6768223947998,6985.0,933.0,67.82,0.9,551.0,0.92,768.0,169.0
Tajikistan,TJK,99.1,9.0,37.656,3151.724527932031,17.49,7140.014134015513,4.766661358336705,138786.0,1010588131.0,1.1283850454994,-13962.0,60.6802913328409,16.9491525423729,45.9,26.5633735656738,30.4690108291947,4896.0,0.81,61.3,853.0,-4.0,698.0,587.0,196.0
Turkmenistan,TKM,100.0,12.0,42.023,12476.534435838712,12.2,,0.6691809667500763,469930.0,11505333285.0,,8696.0,66.8288374385193,26.4,0.1,46.9954085410955,31.43813695477116,5787.0,909.0,61.38,805.0,31.0,,614.0,154.0
Trinidad and Tobago,TTO,100.0,7.0,62.319,32026.530095707323,62.4,53157.83954766307,-0.9733218662952224,5130.0,14842213826.0,0.656301051048555,-799.0,72.6961227725935,28.5714285714286,0.3,53.9259699537793,16.791012234816176,,,,,,,,
Tunisia,TUN,99.8,9.0,40.824,10946.89357576384,46.16,10036.170100978405,4.66466047449812,155360.0,16011901209.0,1.8068874807375,-26586.0,68.64122151217,31.3364055299539,12.9,67.7524643379101,19.19057623706036,4764.0,0.68,66.62,589.0,-237.0,783.0,424.0,321.0
Turkiye,TUR,100.0,12.0,45.511,24192.53761383704,51.0374,30070.411702095866,7.637682755879467,769630.0,165122019566.0,1.87196639443904,1033384.0,68.1990081161611,14.4160583941606,11.5,83.6024850744433,29.5939640712044,5.58,863.0,67.54,649.0,-26.0,764.0,0.41,377.0
,,,,,,,,,,,,,,,,,,6363.0,0.87,,693.0,91.0,866.0,767.0,108.0
Tanzania,TZA,23.5,7.0,82.182,2221.1796875,7.0,5908.075889293051,6.050845889355514,885800.0,5694829924.0,1.0157610032095,-21083.0,52.2929296769969,36.0,84.7,30.6443077170742,85.884077776924,3483.0,789.0,56.04,654.0,0.11,878.0,693.0,241.0
Uganda,UGA,20.4,7.0,75.386,2134.0091628174146,5.4,8498.101227013407,5.10630732385718,200520.0,1804683037.0,0.924476429892299,-92273.0,49.5886315846103,34.9740932642487,92.4,24.1938503391826,76.56241076616739,3.77,821.0,55.46,834.0,6.0,898.0,635.0,397.0
Ukraine,UKR,100.0,11.0,51.068,10493.7451171875,46.236,4424.720869816863,15.901737523473995,579290.0,53744933408.0,2.96736825853937,-65678.0,70.3752093063791,11.6666666666667,3.5,69.0554339301313,18.64694629459052,4297.0,877.0,63.48,533.0,81.0,927.0,543.0,249.0
Uruguay,URY,99.7,14.0,61.561,21867.811227631493,61.4625,46590.98500970701,10.220656603452484,175020.0,7486808220.99999,1.74099456885648,-4919.0,64.1471819927364,13.1313131313131,56.7,94.9897821210514,22.158615564807462,6561.0,902.0,67.42,904.0,-83.0,533.0,788.0,251.0
United States,USA,100.0,12.0,58.595,55153.3940182967,73.0,,1.6353530515638397,9147420.0,1617424571676.0,3.6789181738764496,1672598.0,66.6847279137693,19.3103448275862,9.0,80.6242231779766,3.983329167791832,7151.0,902.0,66.62,866.0,217.0,702.0,786.0,281.0
Uzbekistan,UZB,99.8,12.0,53.207,6609.767172777077,35.5,6778.881409425952,14.02491763233607,435789.0,6192514397.0,,-20381.0,67.1905084451678,22.0,1.4,50.8868713378906,35.17265955273308,6049.0,952.0,63.26,954.0,55.0,536.0,713.0,106.0
"Venezuela, RB",VEN,100.0,14.0,57.914,,57.0,,104.6457862702508,882050.0,67735325585.0,1.16181680999136,-62437.0,65.1036592454194,16.969696969697,12.1,88.9163913525251,31.548106595449656,6136.0,904.0,65.14,0.57,-188.0,827.0,797.0,244.0
Viet Nam,VNM,99.2,9.0,76.335,7296.879480873805,41.0,6579.770994640268,3.698137968088176,313371.0,145862687166.0,1.82295771785959,-4894.0,69.7479006720559,24.2971887550201,36.7,31.9480269945454,62.2488274046861,5085.0,792.0,64.82,,-19.0,,634.0,241.0
Kosovo,XKX,,,,8200.47420451574,,,1.6014389028881766,,429937238.0,0.758327843608571,-39586.0,66.4676595463577,,,39.1938922761744,,5.0,706.0,,441.0,13.0,775.0,552.0,206.0
"Yemen, Rep.",YEM,66.1,9.0,31.993,,22.55,28979.418434675976,7.163324230231567,527970.0,2416228025.0,3.96689083277903,15764.0,55.209704896486,0.332225913621262,0.8,31.8626162180918,42.5288486679773,3968.0,638.0,58.44,664.0,-162.0,885.0,527.0,276.0
South Africa,ZAF,85.9,9.0,40.044,13358.941718660846,49.0,21923.45406056498,5.366546184683813,1213090.0,85723497910.0,1.02189399625968,272697.0,66.1642537193448,41.5,7.6,63.1352327065742,8.826364791823346,4828.0,881.0,53.2,794.0,-126.0,0.82,0.73,243.0
Zambia,ZMB,27.9,7.0,54.974,3441.314976437749,6.5,15061.003935003424,5.440524581266175,743390.0,8683998512.0,1.6338689575111,16574.0,52.7905958453796,10.7594936708861,84.6,41.5634741658525,75.42573540598819,4346.0,706.0,52.04,812.0,-11.0,809.0,639.0,327.0
Zimbabwe,ZWE,32.3,7.0,63.0,3903.427977060837,16.3647,8352.335861246582,-0.2519695957960977,386850.0,3066473377.0,1.88778911739064,-177029.0,52.9303353610736,31.4814814814815,80.8,33.1628075970801,68.82907552154421,4184.0,766.0,50.0,642.0,-58.0,0.82,661.0,239.0
